Gaughan,Julissa,Female,Teal,7/24/1983
Domaschke,Pate,Male,Aquamarine,1/12/2008
Brittin,Benny,Male,Yellow,2/6/1982
Vivyan,Iosep,Male,Puce,8/26/1986
Dace,Asher,Male,Green,12/28/1997
Coate,Lily,Female,Red,12/17/2000
Kelloch,Sybyl,Female,Indigo,9/19/1982
Forshaw,Abbi,Female,Teal,5/27/1961
Kempshall,Steve,Male,Maroon,7/30/1980
McCreagh,Gunter,Male,Violet,9/2/1986
Godman,Jeremy,Male,Fuscia,7/27/1990
Druitt,Windham,Male,Fuscia,6/29/1981
Bachellier,Kendell,Male,Aquamarine,2/8/1995
Berrane,Tierney,Female,Teal,7/15/1989
Arndtsen,Orlan,Toyota,Violet,3/8/1967
Lannon,Lucie,Female,Red,12/11/1984
Ruddy,Morna,Female,Khaki,12/29/1997
Hanscomb,Chantal,Female,Aquamarine,2/12/1972
Kimberley,Jefferson,Male,Yellow,11/19/1988
Quickfall,Tabatha,Female,Orange,3/22/1977
Ruddin,Sauncho,Male,Puce,4/10/2010
Hake,Euell,Male,Puce,8/10/1975
Aberhart,Alfreda,Female,Pink,3/24/1999
Marrett,Heath,Female,Mauv,9/29/1981
Vise,Dexter,Male,Pink,9/30/1978
Staveley,Joyce,Female,Orange,12/8/2004
Gowrich,Ezra,Male,Yellow,6/15/1975
Kondratovich,Hewitt,Male,Green,6/10/1960
Aronin,Sapphira,Female,Puce,11/12/1982
Aitchison,Ulla,Female,Turquoise,9/17/1983
Mayzes,Ruthi,Female,Turquoise,5/30/2005
Cowl,Dita,Female,Mauv,9/12/1999
Vasnev,Ximenes,Male,Blue,8/19/1972
Larkworthy,Lee,Male,Yellow,7/16/1993
Heckney,Jan,Male,Green,11/18/2007
Dewicke,Nikoletta,Female,Mauv,6/15/1987
Pietruszka,Ritchie,Male,Purple,8/12/1967
Attawell,Hobart,Male,Maroon,7/2/1987
Allsopp,Haydon,Male,Yellow,11/27/2003
Leese,Alan,Male,Aquamarine,12/7/1982
Sheber,Anitra,Female,Aquamarine,12/4/1969
Witnall,Antonin,Male,Indigo,9/3/1993
Ricold,Lulu,Female,Teal,1/30/1967
Reese,Valle,Male,Turquoise,11/10/1995
Bourgour,Kristi,Female,Goldenrod,12/11/1963
Polkinhorn,Noelyn,Female,Pink,4/10/1974
Devenish,Leonelle,Female,Fuscia,10/27/1969
Lismer,Jefferey,Male,Puce,4/14/1975
Luckings,Elinore,Female,Orange,6/18/1981
Fradgley,Lanie,Male,Green,10/15/1985
Delete,Libbie,Female,Maroon,10/7/1992
Gearty,Omar,Male,Indigo,5/23/1982
Stife,Howey,Male,Fuscia,6/27/1970
Durnall,Lib,Female,Crimson,9/2/1964
Greatbanks,Rickie,Male,Aquamarine,2/1/2003
Pinder,Harriet,Female,Orange,7/22/2006
Greeve,Tildie,Female,Goldenrod,7/6/1989
Philpot,Jasmina,Female,Turquoise,6/26/1991
Cotton,Celestyna,Female,Red,8/4/1996
Izakoff,Llywellyn,Male,Indigo,9/21/1980
Collip,Ardella,Female,Maroon,2/3/1966
Macconaghy,Huntington,Male,Blue,6/16/1993
Drakes,Cherise,Female,Teal,5/14/2000
Macy,Clevey,Male,Fuscia,9/23/1970
Gillmore,Leshia,Female,Orange,3/3/1966
Galier,Nealy,Male,Purple,6/16/2003
Rimer,Jud,Male,Blue,5/28/1967
Elcombe,Kasey,Female,Green,11/16/1962
Missen,Felice,Female,Pink,9/14/2004
Gonthier,Sonni,Female,Green,7/24/1992
Lurcock,Tammara,Female,Violet,8/5/2004
Malyan,Hilarius,Male,Goldenrod,6/12/1973
Rawdall,Clywd,Male,Goldenrod,11/24/1981
Fenney,Corny,Male,Blue,10/21/1996
Rive,Sheffy,Male,Fuscia,10/20/2009
Czadla,Brigitte,Female,Turquoise,5/7/1977
Brittin,Bald,Male,Violet,5/5/1999
Altimas,Maddie,Male,Fuscia,11/5/1963
Jedrachowicz,Bryon,Male,Mauv,5/3/1973
Crickmoor,Elmer,Male,Orange,12/19/1981
Laboune,Lisetta,Female,Pink,6/3/1985
Wooddisse,Tobey,Female,Violet,10/7/1966
Klainman,Enos,Male,Indigo,2/2/1981
Baxster,Elwood,Male,Teal,9/5/1962
Paumier,Mord,Male,Green,2/7/1969
Davidge,Humbert,Male,Fuscia,3/9/1965
Coggen,Julie,Female,Goldenrod,10/12/1995
Venner,Tamas,Male,Fuscia,6/21/1990
Jouannisson,Bradley,Male,Turquoise,11/5/1966
Gumly,Waylen,Male,Red,7/20/1972
Reveley,Adara,Female,Orange,11/11/2001
Crown,Sari,Female,Red,4/26/1991
Legonidec,Frederico,Male,Orange,3/5/2003
Dooler,Angelico,Male,Puce,4/10/2006
Epton,Marissa,Female,Fuscia,8/5/2000
Doring,Minda,Female,Goldenrod,4/29/2010
Le Strange,Currie,Male,Orange,8/18/2006
Conrard,Odelinda,Female,Mauv,1/24/1981
Sorel,Reid,Male,Khaki,12/15/1964
Ancketill,Freddy,Male,Puce,11/18/2004
